RequestDate,RequestNum,RequestType,RequestField,RequestFieldValue,RequestTarget,Requestor,RequestStatus
1/24/2016 2:21:16 PM,0,Create Group:  'MySGTest1' Request,,,MySGTest1,John F Brown,Completed
1/24/2016 2:19:37 PM,1,Update to Group:  'MySGTest1' Request,Owner,Tom Brown11,MySGTest11,John F Brown,Completed
1/24/2016 2:20:04 PM,1,Update to Group:  'MySGTest1' Request,AccountName,MySGTest11,MySGTest11,John F Brown,Completed
1/24/2016 2:20:04 PM,2,Update to Group:  'MySGTest1' Request,DisplayName,MySGTest11,MySGTest11,John F Brown,Completed
1/24/2016 2:08:34 PM,1,Update to Group:  'MySGTest2' Request,ExplicitMember,Tom Brown2,MySGTest2,tlkfimportalserv,Completed
1/24/2016 2:11:57 PM,1,Update to Group:  'MySGTest3' Request,ExplicitMember,Tom Brown13,MySGTest3,John F Brown,Completed
1/24/2016 2:11:57 PM,2,Update to Group:  'MySGTest3' Request,ExplicitMember,Tom Brown12,MySGTest3,John F Brown,Completed

